3qcdhk,drousel0@jimdo.com
vQlnz1,cstrelitzki1@un.org
wzq0jv,kgerding2@scribd.com
P7tQmx,lgasson3@freewebs.com
XFhdqY,mledrane4@qq.com
pgLzr3,pmadsen5@thetimes.co.uk
noDKmB,dblanckley6@barnesandnoble.com
8voqnF,ibrundle7@hud.gov
A9Irem,rniemiec8@goo.gl
DSU8gI,sjosskovitz9@angelfire.com
UVJx5t,bhallgatha@devhub.com
4DMaZr,ngovernb@elegantthemes.com
pOSffQ,pgawc@a8.net
z68Keu,staborred@baidu.com
wp7vSY,kjikovskye@youtu.be
DYNq8G,jlardeurf@spiegel.de
PrMRXJ,rrawesg@etsy.com
7eEFgg,bjerramh@sun.com
xQnxiq,sleebeteri@who.int
iL385H,tlippij@google.de
3A85IF,bsimunekk@constantcontact.com
wRpuBc,fdennyl@exblog.jp
WlXmdR,gmannam@youtu.be
Q6EGS7,bsandlen@hhs.gov
SjJDx0,dbygreaveso@yahoo.com
SiDSOD,jjanotap@canalblog.com
3XXBQN,dmquhargq@theatlantic.com
1qAxBw,jpicfordr@hao123.com
nKaGzm,bhadyes@uiuc.edu
PhuPx7,jholywellt@vistaprint.com
NKtaeI,rcollicku@last.fm
UT75bL,gginnalyv@abc.net.au
lM6IQh,wbrunningw@spiegel.de
V8fien,ployndonx@mashable.com
18734m,tkubaseky@chron.com
lfBlyR,bmeecez@chron.com
LPsjh8,wfobidge10@goo.gl
YustwB,ecoldtart11@elpais.com
OhglK7,nkippax12@linkedin.com
jNWssU,naugur13@fastcompany.com
H2nWf5,tfoddy14@networksolutions.com
VDoMK7,erylatt15@smh.com.au
HB7k5C,nmathey16@imgur.com
pEsqq8,dpetche17@amazon.com
6eL5SY,qhutchinges18@disqus.com
40HlZz,neastway19@apple.com
Vr6L4o,jogilby1a@yahoo.com
khRX2X,gtimny1b@sun.com
XhlrdK,dgilding1c@usda.gov
jpsMF9,mbrecon1d@fc2.com
hKUapz,ldevin1e@webs.com
88h7zq,cvelez1f@bbc.co.uk
SdH4Yz,gdanilyak1g@msn.com
KV1Miw,kgiacobilio1h@tripod.com
0mh6b2,bkenneway1i@shutterfly.com
zWpXjG,gdriver1j@goodreads.com
HnI5kc,lknights1k@naver.com
DZqFDN,ncesconi1l@sohu.com
iDauUc,ghuggin1m@blogspot.com
YzrJcd,bpoag1n@yahoo.com
10fnkh,preape1o@purevolume.com
L3M6xj,mbauchop1p@cbslocal.com
tswnsu,lpunt1q@shutterfly.com
wq2hl7,emeekin1r@cisco.com
YYxoZO,araleston1s@canalblog.com
vOazEU,aleed1t@wordpress.org
7Eq0IU,dmayor1u@senate.gov
iHTjEx,pstigger1v@aol.com
wWjFNx,hrizzello1w@vistaprint.com
ATRRFm,awadie1x@oakley.com
H6z3bB,kquibell1y@nbcnews.com
dvDtqr,cdubbin1z@desdev.cn
rXRgD6,gbarta20@1und1.de
UjGYrg,gsabine21@topsy.com
FTWOun,aduffitt22@spotify.com
eNr4m7,drouse23@usa.gov
AchoHK,mhuff24@webnode.com
RWw0fr,dbelcham25@amazon.co.jp
B5uy9C,rjanaszewski26@tmall.com
9SGMFc,atrustrie27@google.cn
lLL1xf,ktorrance28@unicef.org
xwFKAJ,ssommerlin29@flavors.me
iF9WkR,hwhatmough2a@hatena.ne.jp
0Py0ll,dsalandino2b@cdbaby.com
p0jyfb,bburnsell2c@is.gd
SoSIdB,twindram2d@example.com
5tw7jD,bbroggio2e@wsj.com
chID3L,baire2f@hc360.com
MMmLMp,vlanghorn2g@youku.com
TRpK55,rguion2h@arizona.edu
fd1kRi,ddowears2i@edublogs.org
PWxAlC,emarple2j@forbes.com
Dn1Wd2,mlapre2k@gizmodo.com
VasQiw,gsweatman2l@baidu.com
mCoIoa,mbewlie2m@com.com
7us1UX,mderwin2n@live.com
RLNMw1,sboagey2o@toplist.cz
yD840l,glinch2p@bravesites.com
0STDTW,glakey2q@hibu.com
U0JRl1,askidmore2r@tumblr.com
YKaRX9,cmaccaghan2s@sfgate.com
XiEOkC,pmacconachy2t@google.fr
Gh3jH7,enormaville2u@shop-pro.jp
khq7JB,ogegg2v@admin.ch
vlY9lQ,trushton2w@infoseek.co.jp
OkMrrw,tgouldsmith2x@scribd.com
NdRaBv,fhrishanok2y@cornell.edu
Iw7sGJ,tcockill2z@indiatimes.com
WRyfk2,lajsik30@angelfire.com
v8jtsa,pconaghan31@chicagotribune.com
Dzs2Fi,ckristof32@zdnet.com
fvyu8J,smayfield33@prnewswire.com
bvpwf0,jucceli34@cargocollective.com
1Xd8BW,tnoot35@yelp.com
sJ1cIT,lpennyman36@t-online.de
STNhl3,awank37@i2i.jp
1leUfP,jgarahan38@pcworld.com
hD6o9l,ztreadgold39@earthlink.net
Cdqtiy,sdruett3a@howstuffworks.com
rq93Kg,mmanvell3b@posterous.com
Ksju09,svieyra3c@ovh.net
VIMbVY,mdullaghan3d@census.gov
fTCgat,tscamal3e@utexas.edu
e5Tikx,ymcsaul3f@state.tx.us
Rh4KIa,itrevethan3g@unc.edu
HfuBzg,ncreer3h@ask.com
8jtQgf,bshortt3i@jigsy.com
2u3zWI,kbutlerbowdon3j@utexas.edu
1KNjuO,drunnicles3k@bloomberg.com
IA69Vb,eionn3l@ebay.co.uk
jpbh1K,blovat3m@diigo.com
VqHTtb,lstoop3n@domainmarket.com
KQQefV,hvakhrushin3o@blinklist.com
zmbDJN,tblazey3p@chron.com
iitXQ1,srowena3q@usgs.gov
az8Xu8,hrodenburgh3r@printfriendly.com
N42sxW,jallin3s@webmd.com
ee3p2m,ggigg3t@wp.com
M5ECf3,ccourtman3u@uiuc.edu
hrQTTE,dflowerdew3v@dyndns.org
mqJ6kZ,wfeetham3w@examiner.com
gPhbrd,dlinzee3x@bloglovin.com
B5etsr,mshyre3y@home.pl
2Ec4kZ,ebulgen3z@cnn.com
pC6Hc0,nflowerdew40@smh.com.au
58iTBi,alouw41@baidu.com
BfuUgB,gneesam42@walmart.com
GHxObA,pfarres43@vkontakte.ru
ypAyGr,lsayer44@i2i.jp
u5dbQA,pdevile45@studiopress.com
Xsg6Xj,dcasarino46@pcworld.com
PtMlEE,ivern47@deliciousdays.com
QkPF2P,njerdan48@fastcompany.com
UMssa6,dbelfelt49@sfgate.com
VoBOEw,bcristofanini4a@plala.or.jp
C9evLq,tfitchett4b@ucoz.ru
enc0jR,dgiraudo4c@a8.net
Sl2gEX,tskiplorne4d@xinhuanet.com
YYncCv,tkeelinge4e@dagondesign.com
XLVw8m,nmacfarlan4f@slashdot.org
C5XfDz,sshilladay4g@fotki.com
ceXxKg,mtillman4h@cam.ac.uk
cyIqUg,esatch4i@meetup.com
Nl8fRM,sgoligher4j@intel.com
TZqmIZ,zmaccumeskey4k@goodreads.com
SnvxnB,cpotapczuk4l@biblegateway.com
kH1xup,schaney4m@webeden.co.uk
enqrtP,acambling4n@google.pl
2Gnmls,lpillington4o@oracle.com
qGk3cS,fargontt4p@hao123.com
HeHqvR,cmcardle4q@cnn.com
ks4yHl,lheffer4r@abc.net.au
48MRET,kmartinek4s@domainmarket.com
7HBlGz,whaszard4t@telegraph.co.uk
YCpqEN,ptudor4u@umn.edu
AoQSdX,mlockie4v@soup.io
KIiRZO,dferrolli4w@hhs.gov
jESdEV,mcobbald4x@opera.com
0CwNMU,mcomolli4y@senate.gov
Yu1lCi,asutty4z@cornell.edu
dZEhRO,slanegran50@quantcast.com
GxfRIv,kredmayne51@cdc.gov
WicZBh,hpendall52@hubpages.com
lMFvbc,rwhetnell53@privacy.gov.au
vG1DCV,apizzey54@delicious.com
PJQXHY,kcrossgrove55@cbc.ca
N34JI2,atrathen56@prweb.com
iLF23R,cluisetti57@weather.com
hvEL7I,rgricewood58@timesonline.co.uk
3SIk5O,gleach59@51.la
unGZ69,pbedminster5a@instagram.com
9i1ppy,gcoenraets5b@theglobeandmail.com
vPdXFW,glavrinov5c@ted.com
dWCYRW,aszymanowicz5d@walmart.com
sTwZJy,esleicht5e@harvard.edu
lgAafv,cgeaney5f@yahoo.co.jp
DGZ1EN,cleeburne5g@hubpages.com
65cPjz,kbridgement5h@godaddy.com
Uax1zx,egraftonherbert5i@usa.gov
mDruZ7,pfasset5j@nytimes.com
3tzEzh,abainbrigge5k@sogou.com
QIpTJf,tlincey5l@addtoany.com
Dm8iVF,drenzullo5m@myspace.com
Qq9LvI,tbusain5n@google.nl
eq9oFh,jtappor5o@upenn.edu
dHgAFe,oostler5p@bing.com
cevwQ4,voduilleain5q@psu.edu
ylgJ5y,dpolhill5r@salon.com
YcpB4k,gvescovo5s@cafepress.com
ctvWsj,amcginney5t@sitemeter.com
RZrBkW,nmacparland5u@europa.eu
rjEamJ,rtiddy5v@4shared.com
QRLvBo,sbulmer5w@studiopress.com
23hWO3,cstowers5x@redcross.org
qlPC9T,lritelli5y@a8.net
jnEd6D,rsynnot5z@stanford.edu
pRoWeH,mbeller60@nih.gov
Vm8Qyk,bbarnicott61@huffingtonpost.com
5KxVMx,sgainfort62@alibaba.com
ZYs01j,ajorioz63@uol.com.br
Gx3TS0,bmarkwick64@go.com
6AiUoL,cgeipel65@digg.com
IPzOAf,dpretsel66@bbc.co.uk
FrAZgB,bbrookshaw67@e-recht24.de
NragY1,alodge68@china.com.cn
Ekz385,bdruel69@forbes.com
3Aoo4Z,mmenear6a@nature.com
Wk7mBC,ffaye6b@accuweather.com
UhU3Aq,cmonnoyer6c@hud.gov
hfNTFO,dhanselmann6d@columbia.edu
F4VfSi,abrussell6e@oracle.com
0nVXd7,hdenerley6f@usda.gov
0qvngh,vprati6g@1688.com
pqbjgR,vmays6h@acquirethisname.com
7YM9lc,gdagnall6i@wordpress.org
g2yNOp,anewe6j@cbslocal.com
BzPapF,wdigiorgio6k@wikipedia.org
rOyiTD,mlargent6l@reverbnation.com
7t5naS,dperazzo6m@simplemachines.org
D5eSKp,eloachhead6n@weebly.com
oJe8wx,aheggie6o@about.com
M6nBDr,ahurcombe6p@phoca.cz
j6EKuy,gstudd6q@angelfire.com
GiUsVV,scobleigh6r@berkeley.edu
F83jbN,agabel6s@tripadvisor.com
IzeaaQ,wdeegan6t@vistaprint.com
Ctp1W5,otupp6u@ameblo.jp
K82kqc,sheadford6v@time.com
PtsHSh,bbarme6w@ucoz.com
K2yoVa,jlabrum6x@netscape.com
ZZBXKE,rpaske6y@apple.com
9kBHJ3,cbecarra6z@wp.com
ZEaGTZ,cyeoland70@yellowbook.com
mEu9Lf,lsappson71@wunderground.com
u58YWL,srubanenko72@wp.com
PL6mls,mbaelde73@yahoo.co.jp
38OKiY,erhelton74@free.fr
hgF4Vd,fputterill75@ning.com
EwyAff,hbalmer76@clickbank.net
D40sGI,asoot77@aboutads.info
K9IaBl,vgeorgeau78@zdnet.com
9QOwN7,qstevenson79@ycombinator.com
QJKk6a,hgarahan7a@t-online.de
O30OrG,vchainey7b@mit.edu
2JhHdw,vandres7c@weather.com
FEmJJF,lcombe7d@google.com.hk
zEe8G8,mdict7e@businessweek.com
Uhb9rC,gcrus7f@shareasale.com
1HV5Qe,mstout7g@ucoz.ru
ss9yYx,dbeaudry7h@cnbc.com
cjGDy4,pbottell7i@usgs.gov
TTJrvj,mgirodier7j@fda.gov
3vGrls,dcosta7k@bigcartel.com
woEtvV,rdils7l@ask.com
eIiT2q,clovick7m@hostgator.com
TUcHsX,tcaston7n@home.pl
Vj7uGM,opettigrew7o@cpanel.net
xSntxd,mcondict7p@linkedin.com
AVbbZ1,bveryard7q@zdnet.com
9FkHJ9,hderks7r@statcounter.com
WjfslR,wgiorgietto7s@altervista.org
5RRJq4,htotton7t@weather.com
epTyIA,gredihalgh7u@csmonitor.com
g4P7rO,eskeeles7v@yahoo.com
kEg98b,tweigh7w@engadget.com
xMABeH,wsancias7x@icio.us
o86JCZ,msalle7y@fotki.com
priM4k,acaulier7z@auda.org.au
GZfFz1,odyer80@arizona.edu
3bOCCc,nartingstall81@ezinearticles.com
SZFYER,kpettman82@yolasite.com
gcwOqx,imcandrew83@netvibes.com
JKsZj6,lwollaston84@slate.com
CPUdNn,adrysdall85@senate.gov
sLK05k,eboyson86@shutterfly.com
qgmU2x,lkesby87@answers.com
ibfhB2,mjoder88@people.com.cn
wkehMW,charrismith89@google.ca
7kCYFJ,sszymczyk8a@pagesperso-orange.fr
mrAZE9,mdurling8b@china.com.cn
g5WLdk,rexley8c@cnbc.com
diJc0f,rpeerless8d@symantec.com
C2dBSA,mvinnicombe8e@buzzfeed.com
zAdLt2,chavock8f@aboutads.info
usjMPt,cfines8g@mozilla.org
dwXLKz,fopy8h@europa.eu
cFgbJI,falderman8i@mysql.com
IPYWtM,ndeakes8j@tiny.cc
yf4Nfa,pheaffey8k@boston.com
ilSbLv,taugar8l@tamu.edu
wzLS6K,sbahia8m@yellowpages.com
sSek55,rcokly8n@utexas.edu
HxMPHO,eshipton8o@java.com
5uTXDh,levanson8p@berkeley.edu
cYkg8C,aedgworth8q@fda.gov
SAogZT,bvasilkov8r@oaic.gov.au
aTtrEx,lsmeal8s@comcast.net
kZNpNg,jgrealish8t@usa.gov
QRhp6j,tfaltin8u@drupal.org
YAlSb8,bkilshall8v@webs.com
dDEGVR,elilleman8w@omniture.com
Pu7Lvc,lholligan8x@merriam-webster.com
owLBao,gfarra8y@sbwire.com
xZVtKT,btilbrook8z@twitpic.com
QwHOav,iarmitt90@disqus.com
JyOOqa,khackford91@google.ru
u0pKmR,apraundl92@imdb.com
C3gMhQ,tscurrah93@businesswire.com
FI8vIS,gantwis94@paypal.com
pOKMHj,megdale95@sogou.com
pVwk5U,ocarder96@cnet.com
39T47R,cdimitrov97@paginegialle.it
PEwJce,ochupin98@wikimedia.org
WwKosL,aimort99@vimeo.com
Xo3VCb,kpaddock9a@comcast.net
WMUoUi,jbrodest9b@t.co
kQXUK0,jnoyes9c@un.org
g7yuT4,tsparshott9d@rakuten.co.jp
WqTMks,ltindley9e@shinystat.com
tiIe2y,fevelyn9f@people.com.cn
Az6Gj0,vsouza9g@skyrock.com
ze218m,cheiner9h@dot.gov
vB42DI,xaizlewood9i@java.com
CiG0eJ,bdelort9j@blogtalkradio.com
qp00AP,whatherley9k@infoseek.co.jp
OkdLSB,mgawen9l@parallels.com
R5Swsy,cdawidowitsch9m@nasa.gov
J6BaTD,ljewar9n@com.com
eiHepC,lcrosland9o@psu.edu
gN8aBb,sdoonican9p@webs.com
No6rPm,mshepstone9q@wikipedia.org
Qc6hgy,fhunston9r@imageshack.us
rrGH5Y,dfirk9s@cbc.ca
rzXUat,mhuxley9t@epa.gov
IKxJtR,mmabbot9u@cargocollective.com
x74xDw,sgeraudy9v@abc.net.au
pry5n7,hgaywood9w@storify.com
aWRuN6,srohlfing9x@moonfruit.com
kJ8QM3,zpulford9y@time.com
ZkP0oh,jnorley9z@prweb.com
kXBaMT,bdrugana0@meetup.com
Uo5XEu,lolmana1@typepad.com
McUbAT,ihellena2@google.ca
udXFP0,jkalea3@nymag.com
8NCO7K,madameca4@theguardian.com
IqAZuy,khandshearta5@mysql.com
ikuP0M,pmeekina6@ebay.co.uk
3eDAWR,spalatinia7@angelfire.com
jHBMnz,csallinga8@timesonline.co.uk
HDjNo8,fsimnora9@i2i.jp
LznYA5,gdunnaa@vkontakte.ru
H22a2S,whedworthab@google.com.hk
SV87Od,dbolsteridgeac@com.com
pslNOy,aberthotad@imageshack.us
CbLfN2,pgullefordae@bbb.org
c6lFTn,aianittelloaf@uol.com.br
ghaZGB,smctaggartag@umich.edu
b2gjoS,cgittoesah@ft.com
131nHA,aprideai@shinystat.com
QJnylZ,collenbuttelaj@biblegateway.com
DTeQIH,ofrainak@pcworld.com
KuTawu,gwilkieal@rakuten.co.jp
5jZski,twauchopeam@smh.com.au
2Ypdll,rowensan@dot.gov
bEnAGW,dlundbechao@tmall.com
wgEKye,czanioliniap@newsvine.com
nOy0vg,egetcliffeaq@hatena.ne.jp
S1SM4o,ucabenaar@github.com
3PqD1o,cradmeras@exblog.jp
k7FRra,mpappiat@bbb.org
mzxifk,sbichardau@tamu.edu
hDzHpG,eiacovielloav@sitemeter.com
1pHFZt,mwaddupaw@biglobe.ne.jp
VzbRH6,hgrimwadax@plala.or.jp
8wAX0f,jlareday@disqus.com
ows7me,mconmanaz@amazon.co.uk
nxgUaa,cwringeb0@printfriendly.com
EDKq7R,dlyfeb1@histats.com
EZjz1U,wshepcuttb2@unc.edu
yNjqun,gaudenisb3@w3.org
TTiRd0,kleadbetterb4@microsoft.com
Gek9jf,agudeb5@privacy.gov.au
e09unL,dvicarb6@loc.gov
STD2Uk,cchristopherb7@reference.com
nrDfsc,dmogganb8@zdnet.com
XhWura,tkanwellb9@altervista.org
9skgYC,jdimeoba@is.gd
osr8YI,aakittbb@123-reg.co.uk
qg2guq,jcalderobc@blogs.com
zu6BqA,brydingsbd@last.fm
UNRjso,edacresbe@guardian.co.uk
YmDlbJ,apeachmanbf@macromedia.com
djf5DZ,elevebg@mtv.com
6rJ1EK,tdaffernbh@cbsnews.com
LQbcYH,odrewrybi@oaic.gov.au
RsBprB,pskallsbj@bluehost.com
3yHZSO,pstowebk@topsy.com
Lm2S8s,vgranleesebl@usa.gov
227vmr,rcaurahbm@epa.gov
L3cb6I,rwoodcroftbn@who.int
AeDior,tlamzedbo@csmonitor.com
yLx4TS,mdulinbp@msn.com
t6Dme8,rbrogibq@toplist.cz
5Pic2a,eshortallbr@tripod.com
V9rKQP,pmosebs@sciencedirect.com
K2tYXH,epilmorebt@go.com
toOZWw,coffellbu@about.me
gyepMa,jgommowebv@wired.com
cRJvfT,kgrzesiewiczbw@epa.gov
VBFsuW,rbarbybx@seattletimes.com
gGzT8r,umattusevichby@example.com
UMIgpy,ostronghillbz@123-reg.co.uk
Gb0iSX,jbatiec0@goo.ne.jp
kYAHKm,vgranthamc1@tripod.com
4RhMIL,apactatc2@un.org
ptsIO6,ckieltc3@home.pl
dYVP2F,cmccardc4@typepad.com
SCj34h,bmathivatc5@howstuffworks.com
wp94ji,clampsc6@facebook.com
tV1O1N,bbillanyc7@ustream.tv
wvkfJo,qjoanaudc8@earthlink.net
3XyhkN,hdockrillc9@shutterfly.com
e85ufO,rpasqueca@nbcnews.com
uT81ha,dchurchlowcb@nytimes.com
WeRTCj,cwortleycc@prnewswire.com
rnIkQU,kolfordcd@bbc.co.uk
DdeJKC,hmottoce@arizona.edu
kWZune,glyescf@theglobeandmail.com
h5QFqr,bfaichniecg@ocn.ne.jp
UwFSZJ,rswiresch@typepad.com
vfNjcW,msandeverci@feedburner.com
Dxi7pZ,apozzicj@slate.com
LNTBXp,vdakeck@homestead.com
CDE6YE,bchealecl@jiathis.com
Ji2m13,bhartfieldcm@moonfruit.com
9o5Cz3,dbarnshawcn@gizmodo.com
CZScQ0,cantalffyco@privacy.gov.au
VpjZJJ,emelloycp@jigsy.com
pN0xzZ,afeaverscq@joomla.org
As9icl,mcraincr@spotify.com
ja95lb,bfeighrycs@usa.gov
yF5bZJ,vfoxhallct@imageshack.us
wu0bOb,msharercu@umn.edu
Q9h6or,ablankenshipcv@github.com
AtDoX4,wferrinocw@dion.ne.jp
XPPzS9,cdumphriescx@pagesperso-orange.fr
Gy13Hq,mbellordcy@sphinn.com
kZmy3J,efrankelcz@indiegogo.com
qR4qYi,hbericd0@sogou.com
7vsLvr,apostgated1@freewebs.com
7WFMyO,hgreatheadd2@e-recht24.de
LJ5sge,smaciejewskid3@feedburner.com
djdOeV,mstubbertd4@webnode.com
LXFA9B,ggartond5@miibeian.gov.cn
rsEejf,atempled6@yale.edu
TATuIq,sadderleyd7@ucsd.edu
Ryucqh,tskamelld8@slideshare.net
iyhyP5,araincind9@npr.org
pCCaM9,kbulchda@adobe.com
zRcPtb,vivashintsovdb@shareasale.com
bYVgtZ,yelnoughdc@discuz.net
CXZCmL,iosmentdd@cnbc.com
5pXa15,gleggatde@msn.com
2y7Jdt,bturveydf@elpais.com
qUcfSe,ebundeydg@usda.gov
Fxjdwy,madamkiewiczdh@privacy.gov.au
UAjX6e,bskeemerdi@dailymotion.com
fpesUR,qolividj@csmonitor.com
ochv3W,bbittertondk@feedburner.com
rs6NLu,lcolombierdl@phoca.cz
2OmPLh,daupoldm@canalblog.com
IvIv26,tfretsondn@npr.org
X2C2MD,cpatrisksondo@stanford.edu
JcZqmw,gpophamdp@vk.com
xqtWEP,pbaslerdq@sohu.com
n9KZe5,caulettadr@linkedin.com
UDgQvr,hbellsonds@webnode.com
XK3ZyU,fveillarddt@tamu.edu
JYNzxL,ejuggingsdu@paypal.com
4gFbaH,robornedv@paypal.com
SYMFAH,rsparhawkdw@accuweather.com
r3Ej1o,dpaulatdx@ucoz.ru
zLhSIJ,cmorralldy@is.gd
nM98o6,scelesdz@odnoklassniki.ru
McFZGk,aaldersone0@businessinsider.com
TqhDov,jheavisidee1@sphinn.com
UofX4H,sbuncombee2@devhub.com
HfCr7B,gfurnesse3@pbs.org
emomEW,gbattisone4@state.gov
GOqNhv,kellarde5@1688.com
B1LcnS,afreshwatere6@sbwire.com
DiExU7,atumee7@google.it
7Ypyyy,fwallbrooke8@cbslocal.com
BI1Nhq,ddcruzee9@nasa.gov
ctPpgp,dmatyatinea@home.pl
gMdBFE,mscawtoneb@tinyurl.com
o2kRtp,gmcaleesec@walmart.com
Mz7Dlw,lrobelowed@epa.gov
UWS4eh,danandee@cnet.com
e2lQXP,fbetkeef@washington.edu
qqqSgC,rhatherleigheg@macromedia.com
2Lq86J,scroshaweh@cyberchimps.com
C5fAVl,tglackinei@washington.edu
W9d5Jt,estreetfieldej@odnoklassniki.ru
YvTxFh,nsellarek@seesaa.net
IOpHii,msawoodel@purevolume.com
78b3nZ,mplaitem@dagondesign.com
W7Ie4N,cmaticen@google.cn
OtWfVM,fzannottieo@qq.com
Qmg42L,nhayleep@arizona.edu
1usRGW,athinneq@princeton.edu
qLymS0,gfairmaner@indiegogo.com
YB5Z2I,amayfieldes@hhs.gov
ves7Kb,ykintishet@reverbnation.com
P1Qwvr,sjennyeu@army.mil
BRlscl,bmatzeitisev@webmd.com
KROXDZ,ffozzardew@state.tx.us
A6hBAh,mkuzmaex@yandex.ru
zl7o6n,nbolaney@cmu.edu
n8K3RJ,hbeardwellez@meetup.com
Amc2Nh,tbeckersf0@msn.com
dGA4Pr,mjaffrayf1@icq.com
UnXhT3,cripleyf2@symantec.com
PpVAEo,mivakhnovf3@home.pl
GXtpVG,ecrosthwaitef4@woothemes.com
yCV1yp,cibbsf5@wordpress.org
fVGXh2,kkrellef6@multiply.com
xgZdgo,idelanyf7@mlb.com
kJJczE,nianninif8@mail.ru
ZTfjch,ofiginf9@unicef.org
pugXKM,llowthorpefa@economist.com
yaDwQ0,tgilmourfb@wired.com
PMAscz,tabbotsfc@lycos.com
p8CYoV,tdutnellfd@163.com
px0ZgD,athemannfe@answers.com
ZmbocH,twellenff@canalblog.com
CXyum6,obusainfg@columbia.edu
mNQorg,hklosfh@cbsnews.com
tePXdN,jkernellfi@baidu.com
bVpgeo,cmerigotfj@nationalgeographic.com
1Y3Vp8,fmetzigfk@csmonitor.com
VmhfIE,ashavefl@de.vu
oQhoPD,crevingtonfm@alexa.com
WeyQp8,gseekingsfn@1und1.de
WLU2Dp,cahrensfo@ameblo.jp
5I7PVc,llibbefp@earthlink.net
YGJPHz,rshielfq@g.co
8ZFbZM,vusmarfr@w3.org
AmXNyM,dwalshfs@free.fr
pqKaG9,hdongateft@economist.com
VamQ4N,dsemechikfu@va.gov
io6Deh,rwoolpertfv@harvard.edu
1RPFy3,cstrippelfw@mysql.com
Pl7VQR,aohallihanefx@nsw.gov.au
46T8bQ,trowlerfy@gizmodo.com
u34g9u,jmurfordfz@ed.gov
jeBW3D,nfretterg0@ucoz.com
wxCMjV,mmatitiahog1@meetup.com
7ssg10,talldredg2@about.me
ERdk37,vdeniscog3@scribd.com
AmMdeI,gdrakefordg4@typepad.com
vIeafV,kmaccougheng5@xing.com
wu7h4O,mpentycrossg6@youtu.be
NSBDLr,naburrowg7@fc2.com
6tULq3,kackersg8@nps.gov
hYQ1PY,klampg9@timesonline.co.uk
VyWtl3,rcyplerga@behance.net
bIzARI,lgarritygb@blogs.com
NauRbD,ngosforthgc@google.ru
5DWhQv,rgooleygd@hhs.gov
nxetqe,fmussonge@amazon.co.jp
q8iuPz,dcobleygf@redcross.org
TRtx1M,ncamossogg@google.cn
dxeaz6,kdeeprosegh@g.co
yDveOD,jangrickgi@blogger.com
ntPONa,jcalvengj@cpanel.net
gecEhj,alowdianegk@1und1.de
knw5Dk,ematteogl@java.com
n6Vw2Y,irobisongm@usgs.gov
YOpc3D,rtuddenhamgn@wordpress.org
qKOe7s,sstearnsgo@buzzfeed.com
rnpOuq,jdilkesgp@dailymotion.com
fp9ufQ,dbampfieldgq@cisco.com
mg9Qrb,histongr@cbsnews.com
4AM1Fr,rprestidgegs@clickbank.net
hASBw6,jmckeaggt@gravatar.com
Lr1EdS,ggoschalkgu@feedburner.com
mhnGEO,mmckeegv@mayoclinic.com
YcTqLu,egarstanggw@typepad.com
Zw9ThE,vblanketgx@google.ru
i1Tnic,lhawtongy@simplemachines.org
gXxYs0,wmelhuishgz@bbc.co.uk
399Cu0,llympenieh0@tmall.com
Ctzvg0,swincerh1@ocn.ne.jp
7wrH1u,vghilardinih2@hao123.com
ejsAqW,cskingleyh3@oracle.com
3aFUnq,hzorzenonih4@sciencedaily.com
lTKs2y,rfruddh5@t-online.de
4r3LjG,pdegregolih6@freewebs.com
T3JnCF,pwhathamh7@bloglovin.com
dcpo5p,rfabbrih8@springer.com
KiIeRO,ksperringh9@nationalgeographic.com
m96vQ3,jledwidgeha@technorati.com
Thk7tg,mporkerhb@yellowbook.com
Cr82br,lkohrshc@opensource.org
ORxaAT,ldavidyhd@wiley.com
cCPZVy,mceeleyhe@moonfruit.com
EY53DM,fslimonhf@yahoo.co.jp
It1Aif,calsophg@newyorker.com
CmefUY,slinnyhh@ameblo.jp
XF5pi3,akeslakehi@sina.com.cn
AQdpKv,bbarwishj@feedburner.com
oHmcYf,rhutchingeshk@aboutads.info
uKY1Lg,sbranneyhl@dailymotion.com
AfykaM,emandreyhm@twitter.com
hUUrS9,gfinlasonhn@nytimes.com
qiSoPW,lmellingho@go.com
huoKdu,spretselhp@weebly.com
Td0GVx,rbrolanhq@census.gov
YFgdzE,mtittertonhr@ebay.com
K6npRT,ecorrieahs@accuweather.com
O6aHDj,mfrudeht@blinklist.com
eppR8t,rvedeniktovhu@wunderground.com
2RiUiU,eperrihv@skyrock.com
xL8SQq,lgoldeshw@reuters.com
cNcTcm,tmountjoyhx@adobe.com
VnKxZf,gseawardhy@ebay.com
DWmF2i,llionelhz@washington.edu
hWjYo8,jpietraszeki0@illinois.edu
1e6XRe,rcridlani1@chron.com
CwdxQ2,ggriffithsi2@bandcamp.com
5i1ABt,ahenrysoni3@friendfeed.com
NA0lF4,hduckerini4@techcrunch.com
Si1dZu,jdungeei5@exblog.jp
ULThMv,nhubachi6@yellowpages.com
bZXG3C,blettsoni7@yellowbook.com
urNtnK,zaspreyi8@dagondesign.com
Mc4FTC,jwilsei9@bluehost.com
SHZ5X0,chirtheia@kickstarter.com
qAbGCL,oyarnallib@soup.io
isEhy0,cferraresiic@deviantart.com
F2OLBY,nmustinid@state.tx.us
XoeWvV,ogravettie@example.com
JwpbhJ,hderuggeroif@mediafire.com
wK8mSC,klopeig@networkadvertising.org
sTBT1w,hthumannih@cdbaby.com
nfDoKO,gdragoeii@nbcnews.com
NW0hYB,mmackettij@51.la
4gzjap,acrosiik@mayoclinic.com
Dxtrjp,rbenhamil@imageshack.us
h0vJML,srhymesim@opera.com
HqYOex,hpoulsomin@netlog.com
7V0NAP,aalejandreio@istockphoto.com
OdFX79,jfostersmithip@lulu.com
z2zgdV,fgresseriq@marketwatch.com
x0G4bD,rduplainir@indiatimes.com
XVZ5tR,bschurigis@census.gov
EZ9J77,laizkovitchit@360.cn
PMA0EC,mreilingiu@bandcamp.com
gqeO0o,afillaniv@bbb.org
k30LYB,bmarrettiw@china.com.cn
oB25kQ,lguidoniix@marketwatch.com
8vVGa6,eleyshoniy@dot.gov
cPtkPe,ewoolliamsiz@webmd.com
u2lUQz,adrayj0@elpais.com
ArWaqV,clengletj1@java.com
6WI1vH,ameynellj2@linkedin.com
MC90os,mlyddenj3@huffingtonpost.com
iON2hF,ibaccusj4@ustream.tv
t18ynz,ppetcherj5@biblegateway.com
7LQG25,slafontj6@cbsnews.com
jleeD5,kstraunj7@ask.com
Lc0UqI,gclosej8@nasa.gov
VIRhBE,margonttj9@tuttocitta.it
lywZfc,cfarransja@sitemeter.com
SSLgoK,mthorlbyjb@vimeo.com
MNoEq1,vmanderjc@mozilla.org
e4hIkq,ncumeskyjd@patch.com
C8pH4g,kcoldhamje@hao123.com
L4zPgV,kthomtonjf@icq.com
mS8Umw,whymanjg@vkontakte.ru
Vqlpbj,jhalfacreejh@amazon.de
RVYMZp,ftivolierji@moonfruit.com
5p7ebX,phandforthjj@pbs.org
8F62k6,dgeakejk@pcworld.com
6qImrc,hpennazzijl@yellowbook.com
gAC2LJ,bstentifordjm@addthis.com
eUGJ4L,tkernarjn@4shared.com
M8djkz,esaphjo@bigcartel.com
895AGg,tyurchishinjp@indiegogo.com
fML0ax,gmervynjq@1und1.de
uRfK6b,dgrabbanjr@ibm.com
eCPwQX,mmiramsjs@posterous.com
G3GYzk,jcharlsonjt@creativecommons.org
hwHLrG,dgotthardju@marriott.com
UXblZl,aliddyjv@domainmarket.com
Lurw29,nbrownsalljw@intel.com
Ml9Uj0,krowbottomjx@sina.com.cn
aENdv8,aapfeljy@ucoz.ru
elNa4B,droslejz@rakuten.co.jp
A6PEpL,jrobensk0@un.org
0ckkXm,dwestreyk1@phoca.cz
PknFcB,tallowayk2@rediff.com
OiLJau,hrallingk3@prnewswire.com
GSBsKk,dbrawleyk4@lycos.com
GCdFQA,bcostaink5@chron.com
Srufzc,lcrabk6@un.org
9FEaoA,erickwoodk7@sakura.ne.jp
Dia4rG,kdigginsk8@weibo.com
aoEzBF,nrusselk9@usa.gov
mIAFVx,mmclaughlinka@cafepress.com
SDZxT1,cutteridgekb@google.cn
U7wpqO,lrouzetkc@arizona.edu
Lw91jD,gleviskd@toplist.cz
y9pvbV,cellseke@sakura.ne.jp
J5fSlM,tsoalkf@gov.uk
zp22U2,alaceykg@netscape.com
Fo89i8,wristkh@themeforest.net
W1pbmB,tbrendeki@friendfeed.com
add1L5,swhitlamkj@bigcartel.com
XkUcIh,mcasolkk@slate.com
hkUYT0,rlambiekl@blog.com
tGcskH,rtrevithickkm@arizona.edu
7gkIyK,rfarmerykn@vinaora.com
nusRe0,awilldenko@baidu.com
mfMLZ2,araunkp@prlog.org
ocg8Xh,avollethkq@clickbank.net
5M94Gv,sdyhousekr@mediafire.com
8JBP9T,sredfearnks@opera.com
otBQWq,wletteresekt@patch.com
2IGxc2,mrigebyku@cocolog-nifty.com
QUBhYu,fstillekv@1und1.de
MdG7SM,dphilipetkw@time.com
wqb3lp,cdrohanekx@issuu.com
K97OvZ,cheikkinenky@theguardian.com
Dp2jpd,awornhamkz@noaa.gov
580CQu,phumbeyl0@auda.org.au
5JYKR9,tandrusovl1@joomla.org
C4mokD,ereamel2@xrea.com
IWP4bU,dmencol3@google.com.br
ObDyve,hhugonnetl4@nymag.com
8L0329,rearlesl5@bbb.org
Ti9lsL,drevelyl6@blogtalkradio.com
icWLlh,wlavenl7@rediff.com
eNq4zN,pbrownsmithl8@narod.ru
Kaubwl,dsweenyl9@e-recht24.de
4L8D2H,ssarlela@irs.gov
TF7Ves,hhinkslb@alibaba.com
aeWhzr,rvasserlc@sourceforge.net
87cPNb,lgooderhamld@examiner.com
McLiYJ,vfaierle@creativecommons.org
Oo0byt,smozzettilf@archive.org
ty6OKA,gwantlinglg@ovh.net
DurKkq,sbatelh@umn.edu
18pUfq,jriddlerli@mozilla.com
YQmG0n,kcammislj@vimeo.com
Ai5Tk1,tmacallanlk@usnews.com
o3kPmb,sstoffersenll@spiegel.de
SePSFq,hstummeyerlm@boston.com
VOjTrt,fmorenaln@about.me
pfyrgk,cbagnallo@nbcnews.com
dpXIpl,drisenlp@google.co.uk
Avuk2R,cheavylq@pinterest.com
u71Hv0,mfearlr@cisco.com
6h8uae,mtassellls@cocolog-nifty.com
2Mt0Uu,dwiddowsonlt@upenn.edu
xI6k5W,gbrowettlu@webnode.com
gApVh9,ncerrolv@themeforest.net
xyfkeF,fgirdlerlw@lulu.com
ztIVQv,mespinlx@jiathis.com
vJKTB7,fmeechly@seesaa.net
jOvXOn,scrisfordlz@dropbox.com
XR99j3,igreenmonm0@noaa.gov
PEN0Vp,ewannm1@hostgator.com
HGgmJg,vmangeotm2@dailymail.co.uk
647Tau,lmoakesm3@vistaprint.com
TY2N6J,mcoomberm4@mozilla.com
fG54gj,dwanjekm5@is.gd
PRo2VB,jshieldsm6@dot.gov
YwhsBW,nloobym7@nationalgeographic.com
wlW01Z,ckynastonm8@ucoz.com
GfWDoq,jkeppm9@virginia.edu
HfsH9s,afancema@last.fm
m5hpjc,wcolquittmb@studiopress.com
mSnxpo,njanningmc@ed.gov
zrzXIa,challbordmd@nytimes.com
At9RjE,dgarmanme@csmonitor.com
xVp1SF,alecountmf@sphinn.com
OZoUnM,jyarnallmg@weebly.com
yFF1T0,vcowdenmh@patch.com
U5Ca5g,jmowatmi@goo.gl
A6q2ZF,awarretmj@mlb.com
tjlY1n,ewimpressmk@ed.gov
pL5CDq,nphelipeauml@slideshare.net
UEGtW6,kboxhallmm@weibo.com
JBDnzF,ecorderomn@domainmarket.com
I0ZSua,swattersmo@google.ru
1pjLD9,jfinneymp@imdb.com
2Bq52t,bpietrasikmq@si.edu
wUetzJ,sthaimmr@ebay.com
je3HxT,ppardiems@netlog.com
IhyUzm,dmackeoghmt@imageshack.us
6Xsmtu,tkubeckamu@gmpg.org
vgqKU4,ciozefovichmv@ft.com
gYyaUa,kalwoodmw@bigcartel.com
Wwcnsg,fnorthbridgemx@jalbum.net
YuthqN,amatusovmy@wordpress.org
6vv5Uw,emcgrorymz@csmonitor.com
MVWfcG,hdohertyn0@uiuc.edu
Riorlo,tsearn1@typepad.com
I87Jj2,ssheekeyn2@huffingtonpost.com
YEQwtY,agrishukhinn3@chronoengine.com
mty4VL,sganleyn4@stanford.edu
CmMPIC,mpoonn5@nifty.com
qQdheK,gocurranen6@issuu.com
IFCrZP,cbrouwern7@harvard.edu
hl7UAb,cvondran8@last.fm
tugnMf,kgaren9@vkontakte.ru
dG7x6J,rmaslinna@telegraph.co.uk
PT6JDn,jbewlynb@macromedia.com
t9WUbs,sbygottnc@netvibes.com
aQZqQA,pcoalend@marketwatch.com
EloFFB,mwaleworkne@vistaprint.com
zadz5E,hbeaushawnf@sciencedirect.com
VlWJHK,swoganng@sitemeter.com
OiYMCT,ddennesnh@tamu.edu
ZloGKR,jswafferni@arizona.edu
cwj66j,mfritzernj@soup.io
cuyyUC,gruffellnk@free.fr
5nCNZF,ovignauxnl@1688.com
QL4wLe,lwebsternm@washingtonpost.com
U8bUjn,livellnn@tmall.com
cB30Dg,gloinesno@phoca.cz
Wpy4tw,doliveynp@bbb.org
Cqj1xt,rmckeonnq@scribd.com
kxFWI8,kshanksternr@deviantart.com
sHrj0v,rgladtbachns@uiuc.edu
LcUJHM,iosipovnt@eepurl.com
RasIQd,tmcgradynu@mac.com
00UBSS,gcroxonnv@qq.com
cyb2z5,tlavillenw@nasa.gov
81SHJC,ccolkettnx@freewebs.com
8MMJ5K,mdoullny@bbc.co.uk
A3KDqe,lgreadynz@utexas.edu
DBfZvu,gjosephoffo0@oakley.com
H4RtT1,pmabbeo1@ebay.co.uk
nU4aAg,hbaldacko2@ask.com
s0mCVs,hspooro3@hc360.com
gFdKnb,psmowtono4@msu.edu
47UsuC,ischmidto5@statcounter.com
8m8Zim,dlafayo6@youku.com
i7bu5a,ebalstono7@narod.ru
7jlNeJ,dtowneo8@issuu.com
pwwtQ4,gbradmano9@mtv.com
IP5vHU,dyorkoa@dyndns.org
SSE73U,cpereob@sciencedaily.com
AD4gJa,jconachieoc@constantcontact.com
LgbZxG,dinfanteod@arstechnica.com
VW7EFI,bkleesoe@youtube.com
dnXAmr,ewingerof@chicagotribune.com
cJ8bLN,fconnalog@vimeo.com
nM8uTW,daudenoh@twitpic.com
3MDBnL,whenzeroi@dedecms.com
19wR6y,bashingdenoj@nbcnews.com
41BDmO,fmustardok@slashdot.org
y62KFw,gbeamontol@creativecommons.org
ZAPzGg,ebaudoneom@example.com
Th3fqG,fhildrewon@clickbank.net
J8UFbk,fmcclementsoo@bloglines.com
tkpLXz,djennisonop@4shared.com
YvsPB0,fcasillasoq@ucoz.com
H9bUEn,dkeesmanor@livejournal.com
oDM0EK,bleasonos@canalblog.com
ZoO8Dj,ctrewinot@uol.com.br
t5Hy0T,sbonnerou@gizmodo.com
qnYXDk,kpadkinov@smugmug.com
ZeL8kr,laslumow@alibaba.com
IaWZe7,dgeachox@irs.gov
88gypQ,ccapelinoy@nih.gov
rJflDS,bblownoz@jigsy.com
hgx04u,rsnelmanp0@utexas.edu
HvFj2P,aaberdeinp1@mac.com
57nl9K,dcarslakep2@soundcloud.com
Cl9VpE,khurtonp3@businesswire.com
8tfvJV,jkenionp4@mediafire.com
jbN3Yr,nvotierp5@mayoclinic.com
cSP1Xm,eshilletop6@utexas.edu
9psGsy,twittp7@moonfruit.com
ow1Yhl,pmclorinanp8@hatena.ne.jp
M5UuXx,icorkanp9@deliciousdays.com
t4Agrx,hblandenpa@about.me
c7JFRa,jmuddimerpb@diigo.com
6zNHeb,mlateypc@google.es
8RLarM,gwetwoodpd@state.gov
8LNDG7,ofaierpe@hibu.com
tQtipp,acharrierpf@bloglovin.com
35QQWZ,dbudikpg@umn.edu
ddI7FH,mwroughtonph@blogspot.com
X5Rdjz,mpragnellpi@oaic.gov.au
OdAIN7,jwaterhowsepj@alexa.com
W2Kass,tfontanetpk@usa.gov
q5FJaw,ctuminipl@tuttocitta.it
XQ9fTO,mbembriggpm@blogger.com
TWg7h1,ckinanepn@slate.com
jfXpsG,bdeeblepo@chron.com
WHi1rg,lpolonpp@privacy.gov.au
2wKps3,kpadleypq@baidu.com
yXwuxF,fbullinghampr@hostgator.com
dQfMlE,alancleyps@webnode.com
gCZYnJ,krametpt@upenn.edu
1BPqnq,nrootepu@ycombinator.com
Z7DIMs,ufuncheonpv@elpais.com
ZSZ1Gt,jhollylandpw@economist.com
qS0xkz,kridgerspx@about.com
rwkfD2,bcurtinpy@newsvine.com
xWpbkt,sdavittpz@barnesandnoble.com
53jenU,ndaniellq0@sakura.ne.jp
VwDf7j,gdewildeq1@addtoany.com
yEqwsO,josmintq2@ifeng.com
7h6pEI,tbednellq3@google.ca
bNWwhP,cthurberq4@hhs.gov
4T788i,jmctrustyq5@skyrock.com
jCbzFw,pdecourtneyq6@cornell.edu
UbZvCt,lchantrellq7@ucoz.com
cY39iL,jornilsq8@bbc.co.uk
q8Y8ri,btuffinq9@msu.edu
gr035d,ehansardqa@nationalgeographic.com
TOj91G,cingerqb@statcounter.com
Ya8Ndb,dadairqc@nature.com
rA2vKk,dgummoeqd@ezinearticles.com
xeM852,katcockqe@hexun.com
AcZtGT,maasafqf@jugem.jp
u0rUdw,sryalqg@jalbum.net
GaQqx8,coiseauqh@reuters.com
QK0sTF,dcrotchqi@yellowpages.com
MXrBOm,gguerrazziqj@ameblo.jp
Vj6FA3,lmullaneyqk@wordpress.com
ZWt2tx,kwaddoupsql@qq.com
fpSuUa,smintyqm@parallels.com
BCwy3Z,kashqn@disqus.com
dMDKN3,epetricqo@stanford.edu
8tsago,pmahaffeyqp@deviantart.com
wiIHQv,adeverillqq@hugedomains.com
DDVqOL,dmeyerqr@indiegogo.com
HhQrsT,bfahyqs@webnode.com
Hp8Gok,rsuthworthqt@vk.com
qN47w6,rrickeardqu@mit.edu
StFiNP,rblakeneyqv@nbcnews.com
dLks6W,cwaulkerqw@ehow.com
ay8czA,ebraizierqx@newyorker.com
XXINuG,tduxburyqy@g.co
GN954v,gpanichelliqz@feedburner.com
G6BJoE,ddoustr0@comsenz.com
7VQEf0,cfacer1@tripadvisor.com
E13lKG,mhaveliner2@google.com.au
ZUaooZ,kchingr3@issuu.com
uu0zW3,wpatemanr4@ft.com
8QzctS,ogioanr5@ifeng.com
gXTBdh,rcullefordr6@admin.ch
NJcKeU,mfowlerr7@npr.org
PExfOl,mscollardr8@independent.co.uk
8ALQtE,iellershawr9@tinypic.com
gsXOtL,abuxtonra@slideshare.net
ZiD6z5,lgoodrichrb@irs.gov
MZZoaF,aseviorrc@amazon.com
3edPr1,estenbridgerd@msn.com
5d8t29,gtowlerre@spotify.com
c0uxuW,afaudrierf@cafepress.com
2WIXlU,kbyramrg@skyrock.com
loUu9h,rfreegardrh@hugedomains.com
VIsKkr,bdrewesri@friendfeed.com
gN6ibm,nsporrijrj@npr.org
ewWNRB,hbellefantrk@wordpress.com
b4MSQg,agodspederl@tumblr.com
9bo1uX,gspaughtonrm@last.fm
gLzcp7,cyettsrn@dagondesign.com
PZT6mQ,etorraro@google.ru
F3pd7B,cbrockierp@microsoft.com
oKWvxm,tkliemchenrq@vkontakte.ru
HCOKjf,bbenfieldrr@ovh.net
